"0","66","River Plate","75","77","75","76","Argentina Primera Division ","1"
"0","76","Boca Juniors","76","73","75","75","Argentina Primera Division ","1"
"0","109","Racing Club de Avellaneda","74","73","73","73","Argentina Primera Division ","1"
"0","135","Estudiantes de La Plata","73","72","72","72","Argentina Primera Division ","1"
"0","143","San Lorenzo de Almagro","71","72","73","72","Argentina Primera Division ","1"
"0","145","Talleres","71","72","71","72","Argentina Primera Division ","1"
"0","155","Argentinos Juniors","72","71","71","71","Argentina Primera Division ","1"
"0","156","Defensa y Justicia","72","71","70","71","Argentina Primera Division ","1"
"0","161","Independiente","71","72","71","71","Argentina Primera Division ","1"
"0","166","Lan泥촶","71","71","71","71","Argentina Primera Division ","1"
"0","179","Col泥쁭","71","71","71","69","Argentina Primera Division ","1"
"0","185","V梨뷿ez S李펢sfield","73","70","71","70","Argentina Primera Division ","1"
"0","205","Tigre","70","71","70","70","Argentina Primera Division ","1"
"0","211","Huracan","70","69","70","70","Argentina Primera Division ","1"
"0","224","Atl筌?툓ico Tucum筌≫렃","71","69","70","69","Argentina Primera Division ","1"
"0","237","Newell's Old Boys","68","70","70","70","Argentina Primera Division ","1"
"0","244","Rosario Central","64","71","70","70","Argentina Primera Division ","1"
"0","256","Central Cordoba","71","68","69","69","Argentina Primera Division ","1"
"0","257","Instituto de Cordoba","71","68","67","69","Argentina Primera Division ","1"
"0","282","Godoy Cruz","69","69","70","69","Argentina Primera Division ","1"
"0","285","Belgrano de C?rdoba","69","69","68","69","Argentina Primera Division ","1"
"0","290","Platense","68","69","69","69","Argentina Primera Division ","1"
"0","321","Banfield","70","68","68","68","Argentina Primera Division ","1"
"0","326","Barracas Central","69","69","68","68","Argentina Primera Division ","1"
"0","330","Gimnasia y Esgrima La Plata","69","68","68","68","Argentina Primera Division ","1"
"0","336","Sarmiento","69","65","69","68","Argentina Primera Division ","1"
"0","357","Santa Fe","67","68","68","68","Argentina Primera Division ","1"
"0","458","Arsenal (Argentina)","65","67","67","66","Argentina Primera Division ","1"
"1","369","Melbourne City","73","69","65","67","Australia A-League ","1"
"1","487","Melbourne Victory","67","65","64","65","Australia A-League ","1"
"1","534","Western Sydney Wanderers","69","64","63","64","Australia A-League ","1"
"1","539","Sydney FC","65","66","63","64","Australia A-League ","1"
"1","547","Western United FC","64","65","64","64","Australia A-League ","1"
"1","583","Macarthur FC","66","64","62","63","Australia A-League ","1"
"1","584","Perth Glory","66","62","63","63","Australia A-League ","1"
"1","598","Adelaide United","63","62","64","63","Australia A-League ","1"
"1","634","Central Coast Mariners","60","64","62","62","Australia A-League ","1"
"1","637","Newcastle Jets","58","64","61","62","Australia A-League ","1"
"1","639","Brisbane Roar","55","63","63","62","Australia A-League ","1"
"1","646","Wellington Phoenix","62","62","61","61","Australia A-League ","1"
"2","127","RB Salzburg","69","73","71","73","Austria Bundesliga ","1"
"2","223","Sturm Graz","69","71","70","70","Austria Bundesliga ","1"
"2","292","LASK","68","69","69","69","Austria Bundesliga ","1"
"2","315","Rapid Wien","73","67","68","68","Austria Bundesliga ","1"
"2","368","Austria Wien","63","68","68","68","Austria Bundesliga ","1"
"2","440","Wolfsberger AC","67","66","67","66","Austria Bundesliga ","1"
"2","496","Austria Lustenau","66","64","63","65","Austria Bundesliga ","1"
"2","513","Austria Klagenfurt","64","65","67","65","Austria Bundesliga ","1"
"2","517","Hartberg","64","65","64","65","Austria Bundesliga ","1"
"2","528","WSG Tirol","63","65","64","65","Austria Bundesliga ","1"
"2","548","Altach","64","65","64","64","Austria Bundesliga ","1"
"2","617","Blau-Weiss Linz","64","62","61","62","Austria Bundesliga ","1"
"3","95","Anderlecht","73","74","71","74","Belgium Pro League ","1"
"3","97","Club Brugge","72","74","72","74","Belgium Pro League ","1"
"3","105","Antwerp","76","72","73","73","Belgium Pro League ","1"
"3","124","Genk","71","72","73","73","Belgium Pro League ","1"
"3","136","Gent","73","72","70","72","Belgium Pro League ","1"
"3","202","Standard Li梨봥e","68","68","70","71","Belgium Pro League ","1"
"3","227","Charleroi","69","71","68","70","Belgium Pro League ","1"
"3","236","Union Saint-Gilloise","68","70","71","70","Belgium Pro League ","1"
"3","298","OH Leuven","68","68","66","69","Belgium Pro League ","1"
"3","301","Westerlo","67","69","68","69","Belgium Pro League ","1"
"3","322","Kortrijk","70","67","66","68","Belgium Pro League ","1"
"3","335","RWD Molenbeek","69","67","65","68","Belgium Pro League ","1"
"3","353","KV Mechelen","67","69","68","68","Belgium Pro League ","1"
"3","396","Cercle Brugge","68","65","66","67","Belgium Pro League ","1"
"3","439","Eupen","67","67","65","66","Belgium Pro League ","1"
"3","514","Sint-Truiden","64","65","66","65","Belgium Pro League ","1"
"4","50","Palmeiras","78","77","74","76","CONMEBOL Libertadores","0"
"4","57","Flamengo","77","76","75","76","CONMEBOL Libertadores","0"
"4","72","Atletico Mineiro","77","75","76","75","CONMEBOL Libertadores","0"
"4","92","Athletico Paranaense","74","72","76","74","CONMEBOL Libertadores","0"
"4","98","Internacional","71","74","75","74","CONMEBOL Libertadores","0"
"4","108","Corinthians","74","73","74","73","CONMEBOL Libertadores","0"
"4","131","Fluminense","74","72","72","72","CONMEBOL Libertadores","0"
"4","153","Barcelona SC Guayaquil","73","71","70","71","CONMEBOL Libertadores","0"
"4","160","Independiente del Valle","71","73","69","71","CONMEBOL Libertadores","0"
"4","170","Libertad","71","68","71","71","CONMEBOL Libertadores","0"
"4","189","Alianza Lima","72","70","71","70","CONMEBOL Libertadores","0"
"4","198","Independiente Medell梨쟮","70","68","70","71","CONMEBOL Libertadores","0"
"4","212","Nacional de Montevideo","70","70","69","70","CONMEBOL Libertadores","0"
"4","225","Olimpia Asuncion","71","68","70","69","CONMEBOL Libertadores","0"
"4","230","Atl. Nacional","69","70","70","70","CONMEBOL Libertadores","0"
"4","235","Colo-Colo","68","72","68","70","CONMEBOL Libertadores","0"
"4","262","Deportivo Pereira","70","69","70","69","CONMEBOL Libertadores","0"
"4","278","Sporting Cristal","69","70","70","69","CONMEBOL Libertadores","0"
"4","329","Melgar FBC","69","68","68","68","CONMEBOL Libertadores","0"
"4","376","?毓쿫lense","70","66","66","67","CONMEBOL Libertadores","0"
"4","381","Liverpool (Uruguay)","69","68","66","67","CONMEBOL Libertadores","0"
"4","387","The Strongest","69","66","65","67","CONMEBOL Libertadores","0"
"4","393","SD Aucas","68","67","66","67","CONMEBOL Libertadores","0"
"4","395","Bol筌?윾ar","68","66","66","67","CONMEBOL Libertadores","0"
"4","431","Cerro Porte筌?퍓","69","64","65","66","CONMEBOL Libertadores","0"
"4","499","Monagas Sport Club","65","65","66","65","CONMEBOL Libertadores","0"
"4","504","Metropolitanos FC","65","65","64","65","CONMEBOL Libertadores","0"
"4","608","Patronato","61","65","63","63","CONMEBOL Libertadores","0"
"5","90","RB Bragantino","74","73","75","74","CONMEBOL Sudamericana","0"
"5","111","Santos","74","73","72","73","CONMEBOL Sudamericana","0"
"5","118","Sao Paulo","72","73","73","73","CONMEBOL Sudamericana","0"
"5","157","Millonarios","72","70","71","71","CONMEBOL Sudamericana","0"
"5","163","Botafogo","71","72","70","71","CONMEBOL Sudamericana","0"
"5","164","Fortaleza","71","71","72","71","CONMEBOL Sudamericana","0"
"5","191","Penarol","72","70","69","70","CONMEBOL Sudamericana","0"
"5","195","LDU Quito","71","71","69","70","CONMEBOL Sudamericana","0"
"5","242","Am?rica Mineiro","67","69","71","70","CONMEBOL Sudamericana","0"
"5","247","Junior de Barranquilla","74","69","69","69","CONMEBOL Sudamericana","0"
"5","252","Uni. Cat筌ｌ겓ica","72","69","70","69","CONMEBOL Sudamericana","0"
"5","270","Goi筌≫렍","70","68","69","69","CONMEBOL Sudamericana","0"
"5","276","Emelec","70","67","68","69","CONMEBOL Sudamericana","0"
"5","279","Universitario","69","70","69","69","CONMEBOL Sudamericana","0"
"5","284","Deportes Tolima","69","69","68","69","CONMEBOL Sudamericana","0"
"5","338","?媛푫ilas Doradas Rionegro","68","69","69","68","CONMEBOL Sudamericana","0"
"5","370","Independiente Santa Fe","73","67","68","67","CONMEBOL Sudamericana","0"
"5","372","Cobresal","71","67","65","67","CONMEBOL Sudamericana","0"
"5","374","GUARAN??","71","65","64","67","CONMEBOL Sudamericana","0"
"5","375","Palestino","70","66","68","67","CONMEBOL Sudamericana","0"
"5","382","Cienciano","69","68","66","67","CONMEBOL Sudamericana","0"
"5","394","Academia Puerto Cabello","68","66","67","67","CONMEBOL Sudamericana","0"
"5","404","Deportivo Cuenca","67","67","66","67","CONMEBOL Sudamericana","0"
"5","406","Danubio FC","67","66","67","67","CONMEBOL Sudamericana","0"
"5","415","River Plate Montevideo","66","67","67","67","CONMEBOL Sudamericana","0"
"5","433","Universidad C筌?툒ar Vallejo","68","66","67","66","CONMEBOL Sudamericana","0"
"5","442","Dep. Tachira","67","66","66","66","CONMEBOL Sudamericana","0"
"5","443","Caracas FC","67","66","66","66","CONMEBOL Sudamericana","0"
"5","450","Magallanes","66","67","65","66","CONMEBOL Sudamericana","0"
"5","453","Defensor Sporting","66","66","66","66","CONMEBOL Sudamericana","0"
"5","481","Audax Italiano","70","65","64","65","CONMEBOL Sudamericana","0"
"5","486","Delf癲???S.C.","67","66","63","65","CONMEBOL Sudamericana","0"
"5","488","Blooming","67","65","62","65","CONMEBOL Sudamericana","0"
"5","501","Estudiantes","65","65","65","65","CONMEBOL Sudamericana","0"
"5","510","Deportivo Binacional","64","67","64","65","CONMEBOL Sudamericana","0"
"5","536","Oriente Petrolero","67","64","64","64","CONMEBOL Sudamericana","0"
"5","563","General Caballero (JLM)","63","65","64","64","CONMEBOL Sudamericana","0"
"5","577","Sportivo Ameliano","61","65","63","64","CONMEBOL Sudamericana","0"
"5","578","Guabir癲?","61","64","64","64","CONMEBOL Sudamericana","0"
"5","610","Tacuary FBC","61","64","62","63","CONMEBOL Sudamericana","0"
"5","613","Palmaflor","60","63","63","63","CONMEBOL Sudamericana","0"
"6","310","Wuhan Three Towns","74","67","68","68","China Super League ","1"
"6","313","Shandong Taishan","73","67","68","68","China Super League ","1"
"6","327","Shanghai Port","69","69","68","68","China Super League ","1"
"6","427","Beijing Guoan","71","65","67","66","China Super League ","1"
"6","428","Shanghai Shenhua","70","65","64","66","China Super League ","1"
"6","484","Chengdu Rongcheng F.C.","70","63","66","65","China Super League ","1"
"6","532","Zhejiang Professional FC","72","64","62","64","China Super League ","1"
"6","533","Changchun Yatai","72","64","62","64","China Super League ","1"
"6","535","Henan Songshan Longmen FC","68","65","63","64","China Super League ","1"
"6","581","Tianjin Jinmen Tiger","70","65","62","63","China Super League ","1"
"6","582","Cangzhou Mighty Lions","69","61","63","63","China Super League ","1"
"6","614","Qingdao Hainiu FC","69","62","62","62","China Super League ","1"
"6","642","Dalian Professional","64","61","59","61","China Super League ","1"
"6","644","Nantong Zhiyun","63","62","60","61","China Super League ","1"
"6","650","Shenzhen FC","61","62","59","61","China Super League ","1"
"6","654","Meizhou Hakka","59","61","63","61","China Super League ","1"
"7","148","F.C. K泥쯡enhavn","69","74","72","72","Denmark Superliga ","1"
"7","181","FC Midtjylland","69","70","72","71","Denmark Superliga ","1"
"7","201","AGF","71","68","69","70","Denmark Superliga ","1"
"7","254","Br筌ｌ?dby IF","71","71","67","69","Denmark Superliga ","1"
"7","331","FC Nordsj筌?뒧land","69","68","68","68","Denmark Superliga ","1"
"7","411","Randers FC","67","64","66","67","Denmark Superliga ","1"
"7","471","Viborg FF","64","67","66","66","Denmark Superliga ","1"
"7","473","Silkeborg IF","64","66","66","66","Denmark Superliga ","1"
"7","523","Odense Boldklub","63","66","65","65","Denmark Superliga ","1"
"7","524","Lyngby BK","63","66","64","65","Denmark Superliga ","1"
"7","567","Vejle BK","63","64","64","64","Denmark Superliga ","1"
"7","626","Hvidovre IF","62","62","61","62","Denmark Superliga ","1"
"8","83","Leicester City","73","76","75","75","England Championship ","2"
"8","120","Leeds United","72","72","72","73","England Championship ","2"
"8","125","Southampton","71","70","74","73","England Championship ","2"
"8","147","Norwich City","70","72","71","72","England Championship ","2"
"8","173","West Bromwich Albion","70","72","70","71","England Championship ","2"
"8","182","Middlesbrough","69","70","71","71","England Championship ","2"
"8","187","Millwall","72","71","70","70","England Championship ","2"
"8","194","Coventry City","71","71","70","70","England Championship ","2"
"8","197","Stoke City","71","70","69","70","England Championship ","2"
"8","206","Watford","70","71","69","70","England Championship ","2"
"8","213","Cardiff City","70","70","68","70","England Championship ","2"
"8","214","Preston North End","70","70","68","70","England Championship ","2"
"8","222","Hull City","69","71","70","70","England Championship ","2"
"8","261","Swansea City","70","70","67","69","England Championship ","2"
"8","263","Blackburn Rovers","70","69","70","69","England Championship ","2"
"8","283","Birmingham City","69","69","69","69","England Championship ","2"
"8","293","Ipswich Town","68","69","69","69","England Championship ","2"
"8","303","Queens Park Rangers","67","68","69","69","England Championship ","2"
"8","304","Bristol City","66","70","69","69","England Championship ","2"
"8","309","Sunderland","57","68","69","69","England Championship ","2"
"8","341","Sheffield Wednesday","68","69","67","68","England Championship ","2"
"8","349","Huddersfield Town","68","66","67","68","England Championship ","2"
"8","400","Rotherham United","67","68","65","67","England Championship ","2"
"8","402","Plymouth Argyle","67","67","67","67","England Championship ","2"
"9","418","Derby County","66","66","67","67","England League One ","3"
"9","446","Bolton Wanderers","67","65","65","66","England League One ","3"
"9","454","Blackpool","66","65","66","66","England League One ","3"
"9","469","Barnsley","65","65","65","66","England League One ","3"
"9","476","Charlton Athletic","62","66","65","66","England League One ","3"
"9","477","Reading","59","65","64","66","England League One ","3"
"9","478","Peterborough United","71","65","65","65","England League One ","3"
"9","482","Portsmouth","70","64","66","65","England League One ","3"
"9","490","Wigan Athletic","67","63","64","65","England League One ","3"
"9","502","Oxford United","65","65","65","65","England League One ","3"
"9","512","Wycombe Wanderers","64","66","64","65","England League One ","3"
"9","541","Bristol Rovers","65","65","63","64","England League One ","3"
"9","554","Burton Albion","64","64","64","64","England League One ","3"
"9","555","Lincoln City","64","64","64","64","England League One ","3"
"9","557","Leyton Orient","64","64","63","64","England League One ","3"
"9","562","Shrewsbury Town","64","63","63","64","England League One ","3"
"9","570","Fleetwood Town","63","63","65","64","England League One ","3"
"9","571","Cambridge United","63","63","64","64","England League One ","3"
"9","586","Northampton Town","65","64","63","63","England League One ","3"
"9","595","Exeter City","63","63","63","63","England League One ","3"
"9","599","Cheltenham Town","63","62","63","63","England League One ","3"
"9","600","Stevenage","62","64","64","63","England League One ","3"
"9","601","Carlisle United","62","64","63","63","England League One ","3"
"9","603","Port Vale","62","63","64","63","England League One ","3"
"10","543","Wrexham","65","64","65","64","England League Two ","4"
"10","545","Milton Keynes Dons","65","63","63","64","England League Two ","4"
"10","564","Stockport County","63","65","63","64","England League Two ","4"
"10","591","Gillingham","63","64","63","63","England League Two ","4"
"10","594","Salford City","63","63","64","63","England League Two ","4"
"10","597","Bradford City","63","63","61","63","England League Two ","4"
"10","605","Mansfield Town","62","63","63","63","England League Two ","4"
"10","607","Forest Green Rovers","62","61","64","63","England League Two ","4"
"10","615","Notts County","66","63","60","62","England League Two ","4"
"10","618","Harrogate Town","64","60","62","62","England League Two ","4"
"10","620","Grimsby Town","63","62","62","62","England League Two ","4"
"10","625","Swindon Town","62","62","62","62","England League Two ","4"
"10","627","AFC Wimbledon","62","62","60","62","England League Two ","4"
"10","629","Walsall","62","61","62","62","England League Two ","4"
"10","633","Barrow","61","61","61","62","England League Two ","4"
"10","638","Colchester United","58","62","61","62","England League Two ","4"
"10","647","Tranmere Rovers","62","61","61","61","England League Two ","4"
"10","648","Doncaster Rovers","62","60","61","61","England League Two ","4"
"10","651","Sutton United","61","61","62","61","England League Two ","4"
"10","653","Accrington Stanley","59","62","59","61","England League Two ","4"
"10","656","Crewe Alexandra","62","61","61","60","England League Two ","4"
"10","658","Newport County","61","60","60","60","England League Two ","4"
"10","660","Crawley Town","58","60","60","60","England League Two ","4"
"10","661","Morecambe","57","60","61","60","England League Two ","4"
"11","0","Manchester City","87","86","83","85","England Premier League ","1"
"11","6","Liverpool","84","82","84","83","England Premier League ","1"
"11","7","Arsenal","82","84","81","82","England Premier League ","1"
"11","8","Manchester United","82","83","80","82","England Premier League ","1"
"11","12","Tottenham Hotspur","81","80","79","81","England Premier League ","1"
"11","13","Newcastle United","79","81","82","81","England Premier League ","1"
"11","14","Aston Villa","82","79","79","80","England Premier League ","1"
"11","22","Chelsea","77","81","78","80","England Premier League ","1"
"11","30","West Ham United","78","79","78","78","England Premier League ","1"
"11","36","Everton","79","77","75","77","England Premier League ","1"
"11","39","Brighton & Hove Albion","77","77","78","77","England Premier League ","1"
"11","43","Fulham","76","77","76","77","England Premier League ","1"
"11","44","Nottingham Forest","75","77","75","77","England Premier League ","1"
"11","65","Wolverhampton Wanderers","75","77","76","76","England Premier League ","1"
"11","67","Brentford","75","76","76","76","England Premier League ","1"
"11","68","Crystal Palace","75","76","76","76","England Premier League ","1"
"11","78","AFC Bournemouth","75","75","74","75","England Premier League ","1"
"11","100","Burnley","69","74","73","74","England Premier League ","1"
"11","117","Sheffield United","72","74","72","73","England Premier League ","1"
"11","140","Luton Town","72","72","72","72","England Premier League ","1"
"12","4","Paris Saint-Germain","86","79","83","83","France Ligue 1 ","1"
"12","33","Olympique de Marseille","77","78","78","78","France Ligue 1 ","1"
"12","34","AS Monaco","81","77","75","77","France Ligue 1 ","1"
"12","41","RC Lens","77","75","77","77","France Ligue 1 ","1"
"12","52","Stade Rennais","77","78","74","76","France Ligue 1 ","1"
"12","58","OGC Nice","77","76","75","76","France Ligue 1 ","1"
"12","59","Olympique Lyonnais","77","75","76","76","France Ligue 1 ","1"
"12","60","LOSC Lille","77","75","75","76","France Ligue 1 ","1"
"12","114","FC Lorient","73","73","73","73","France Ligue 1 ","1"
"12","115","FC Nantes","73","73","73","73","France Ligue 1 ","1"
"12","126","Stade de Reims","69","75","72","73","France Ligue 1 ","1"
"12","128","Montpellier HSC","68","75","73","73","France Ligue 1 ","1"
"12","129","Toulouse FC","75","71","72","72","France Ligue 1 ","1"
"12","138","Stade Brestois 29","72","73","72","72","France Ligue 1 ","1"
"12","141","RC Strasbourg","72","72","72","72","France Ligue 1 ","1"
"12","146","Clermont Foot","71","72","71","72","France Ligue 1 ","1"
"12","209","Le Havre AC","70","70","71","70","France Ligue 1 ","1"
"12","234","FC Metz","69","68","71","70","France Ligue 1 ","1"
"13","177","AS Saint-?땤ienne","70","70","71","71","France Ligue 2 ","2"
"13","260","Angers SCO","70","70","69","69","France Ligue 2 ","2"
"13","269","Girondins de Bordeaux","70","68","70","69","France Ligue 2 ","2"
"13","299","SM Caen","68","67","69","69","France Ligue 2 ","2"
"13","342","AJ Auxerre","68","68","69","68","France Ligue 2 ","2"
"13","355","AC Ajaccio","67","69","67","68","France Ligue 2 ","2"
"13","358","ESTAC Troyes","67","68","67","68","France Ligue 2 ","2"
"13","360","Amiens SC","67","68","65","68","France Ligue 2 ","2"
"13","389","Paris FC","68","68","67","67","France Ligue 2 ","2"
"13","405","Stade Lavallois MFC","67","67","66","67","France Ligue 2 ","2"
"13","407","Pau FC","67","66","66","67","France Ligue 2 ","2"
"13","409","En Avant Guingamp","67","66","66","67","France Ligue 2 ","2"
"13","420","Grenoble Foot 38","65","67","67","67","France Ligue 2 ","2"
"13","457","SC Bastia","65","69","64","66","France Ligue 2 ","2"
"13","467","Valenciennes FC","65","65","65","66","France Ligue 2 ","2"
"13","474","Quevilly Rouen","64","66","65","66","France Ligue 2 ","2"
"13","493","FC Annecy","66","65","63","65","France Ligue 2 ","2"
"13","507","Rodez Aveyron Football","65","64","65","65","France Ligue 2 ","2"
"13","576","US Concarneau","62","62","64","64","France Ligue 2 ","2"
"13","588","USL Dunkerque","64","65","63","63","France Ligue 2 ","2"
"14","2","Bayern Munchen","90","84","83","84","Germany 1. Bundesliga ","1"
"14","11","Borussia Dortmund","81","81","81","81","Germany 1. Bundesliga ","1"
"14","16","Bayer 04 Leverkusen","81","81","79","80","Germany 1. Bundesliga ","1"
"14","20","RB Leipzig","80","80","79","80","Germany 1. Bundesliga ","1"
"14","42","VfL Wolfsburg","76","78","75","77","Germany 1. Bundesliga ","1"
"14","45","FC Union Berlin","74","75","77","77","Germany 1. Bundesliga ","1"
"14","56","TSG 1899 Hoffenheim","77","76","75","76","Germany 1. Bundesliga ","1"
"14","62","SC Freiburg","76","76","77","76","Germany 1. Bundesliga ","1"
"14","63","Eintracht Frankfurt","76","76","76","76","Germany 1. Bundesliga ","1"
"14","69","Borussia M'gladbach","74","76","75","76","Germany 1. Bundesliga ","1"
"14","73","FSV Mainz 05","77","75","74","75","Germany 1. Bundesliga ","1"
"14","86","Werder Bremen","75","74","74","74","Germany 1. Bundesliga ","1"
"14","94","FC K泥쟫n","74","73","74","73","Germany 1. Bundesliga ","1"
"14","96","FC Augsburg","72","74","74","74","Germany 1. Bundesliga ","1"
"14","102","VfB Stuttgart","76","73","73","73","Germany 1. Bundesliga ","1"
"14","110","VfL Bochum","74","73","73","73","Germany 1. Bundesliga ","1"
"14","158","1. FC Heidenheim","72","70","70","71","Germany 1. Bundesliga ","1"
"14","175","SV Darmstadt 98","70","71","71","71","Germany 1. Bundesliga ","1"
"15","167","FC Schalke 04","71","71","71","71","Germany 2. Bundesliga ","2"
"15","169","Hamburger SV","71","71","70","71","Germany 2. Bundesliga ","2"
"15","174","Hertha BSC","70","71","72","71","Germany 2. Bundesliga ","2"
"15","229","D癲ル슪?ㅵ칰?켩ldorf","69","70","71","70","Germany 2. Bundesliga ","2"
"15","239","Hannover 96","68","70","70","70","Germany 2. Bundesliga ","2"
"15","246","Karlsruher SC","74","70","68","69","Germany 2. Bundesliga ","2"
"15","258","SC Paderborn 07","71","66","69","69","Germany 2. Bundesliga ","2"
"15","272","1. FC Kaiserslautern","70","68","69","69","Germany 2. Bundesliga ","2"
"15","280","FC St. Pauli","69","70","69","69","Germany 2. Bundesliga ","2"
"15","307","FC N筌ｍ겈nberg","65","67","67","69","Germany 2. Bundesliga ","2"
"15","334","Hansa Rostock","69","68","67","68","Germany 2. Bundesliga ","2"
"15","343","1. FC Magdeburg","68","68","68","68","Germany 2. Bundesliga ","2"
"15","345","Holstein Kiel","68","68","67","68","Germany 2. Bundesliga ","2"
"15","359","F筌ｍ겈th","67","68","67","68","Germany 2. Bundesliga ","2"
"15","392","Eintracht Braunschweig","68","67","68","67","Germany 2. Bundesliga ","2"
"15","413","VfL Osnabr筌ｍ걪k","66","68","66","67","Germany 2. Bundesliga ","2"
"15","463","SV Elversberg","65","66","66","66","Germany 2. Bundesliga ","2"
"15","470","SV Wehen Wiesbaden","65","64","66","66","Germany 2. Bundesliga ","2"
"16","464","Saarbr筌ｍ걪ken","65","66","66","66","Germany 3. Liga","3"
"16","485","SV Sandhausen","68","64","65","65","Germany 3. Liga","3"
"16","492","1860 M癲ル슪?ㅵ쳞?뻞en","66","65","64","65","Germany 3. Liga","3"
"16","494","Arminia Bielefeld","66","65","63","65","Germany 3. Liga","3"
"16","506","Dynamo Dresden","65","65","64","65","Germany 3. Liga","3"
"16","519","FC Ingolstadt 04","64","64","66","65","Germany 3. Liga","3"
"16","525","Viktoria K癲ル슪??珥? ","63","65","65","65","Germany 3. Liga","3"
"16","538","Erzgebirge Aue","66","64","63","64","Germany 3. Liga","3"
"16","549","MSV Duisburg","64","65","64","64","Germany 3. Liga","3"
"16","551","SV Waldhof Mannheim","64","64","65","64","Germany 3. Liga","3"
"16","553","SC Verl","64","64","64","64","Germany 3. Liga","3"
"16","561","Rot-Weiss Essen","64","63","64","64","Germany 3. Liga","3"
"16","566","Hallescher FC","63","64","64","64","Germany 3. Liga","3"
"16","568","VfB L癲ル슪?ㅵ쳞易쩭k","63","64","63","64","Germany 3. Liga","3"
"16","569","Jahn Regensburg","63","64","63","64","Germany 3. Liga","3"
"16","590","Preu?嶺뚯쥙??M癲ル슪?ㅵ쳞?쯶er","64","62","62","63","Germany 3. Liga","3"
"16","596","Borussia Dortmund II","63","63","62","63","Germany 3. Liga","3"
"16","621","SC Freiburg II","63","62","61","62","Germany 3. Liga","3"
"16","622","SpVgg Unterhaching","63","61","63","62","Germany 3. Liga","3"
"16","628","SSV Ulm 1846","62","61","62","62","Germany 3. Liga","3"
"17","51","PSV","78","74","75","76","Holland Eredivisie ","1"
"17","64","Feyenoord","76","74","77","76","Holland Eredivisie ","1"
"17","79","Ajax","75","75","74","75","Holland Eredivisie ","1"
"17","121","AZ","71","75","71","73","Holland Eredivisie ","1"
"17","176","FC Twente","70","70","73","71","Holland Eredivisie ","1"
"17","241","FC Utrecht","67","70","70","70","Holland Eredivisie ","1"
"17","267","sc Heerenveen","70","69","68","69","Holland Eredivisie ","1"
"17","273","NEC Nijmegen","70","68","68","69","Holland Eredivisie ","1"
"17","332","Fortuna Sittard","69","68","68","68","Holland Eredivisie ","1"
"17","354","Vitesse","67","69","67","68","Holland Eredivisie ","1"
"17","398","Sparta Rotterdam","67","68","66","67","Holland Eredivisie ","1"
"17","408","Heracles Almelo","67","66","66","67","Holland Eredivisie ","1"
"17","435","PEC Zwolle","68","66","66","66","Holland Eredivisie ","1"
"17","441","Go Ahead Eagles","67","66","67","66","Holland Eredivisie ","1"
"17","455","RKC Waalwijk","66","64","67","66","Holland Eredivisie ","1"
"17","468","Excelsior","65","65","65","66","Holland Eredivisie ","1"
"17","500","Almere City FC","65","65","65","65","Holland Eredivisie ","1"
"17","560","FC Volendam","64","63","65","64","Holland Eredivisie ","1"
"18","616","Mohun Bagan Super Giant","64","64","62","62","Indian Super League ","1"
"18","623","Mumbai City FC","62","64","61","62","Indian Super League ","1"
"18","640","FC Goa","65","62","60","61","Indian Super League ","1"
"18","643","Kerala Blasters FC","64","60","60","61","Indian Super League ","1"
"18","657","Bengaluru FC","62","60","61","60","Indian Super League ","1"
"18","662","East Bengal FC","66","60","58","59","Indian Super League ","1"
"18","664","Odisha FC","60","59","59","59","Indian Super League ","1"
"18","666","Jamshedpur FC","64","58","55","58","Indian Super League ","1"
"18","667","Hyderabad FC","58","60","56","58","Indian Super League ","1"
"18","668","Chennaiyin FC","62","57","54","57","Indian Super League ","1"
"18","670","NorthEast United","57","61","57","57","Indian Super League ","1"
"18","672","Punjab FC","60","56","53","56","Indian Super League ","1"
"19","9","Inter","81","83","82","82","Italy Serie A ","1"
"19","10","Napoli","82","82","80","81","Italy Serie A ","1"
"19","15","Roma","82","78","81","80","Italy Serie A ","1"
"19","17","Juventus","81","80","79","80","Italy Serie A ","1"
"19","18","Milan","81","79","81","80","Italy Serie A ","1"
"19","19","Lazio","81","79","80","80","Italy Serie A ","1"
"19","29","Atalanta","79","77","77","78","Italy Serie A ","1"
"19","32","Fiorentina","78","77","78","78","Italy Serie A ","1"
"19","70","Sassuolo","78","73","72","75","Italy Serie A ","1"
"19","75","Torino","76","74","76","75","Italy Serie A ","1"
"19","77","AC Monza","75","75","74","75","Italy Serie A ","1"
"19","91","Udinese","74","73","74","74","Italy Serie A ","1"
"19","93","Bologna","73","76","73","74","Italy Serie A ","1"
"19","99","Hellas Verona","71","74","74","74","Italy Serie A ","1"
"19","103","Genoa","76","73","71","73","Italy Serie A ","1"
"19","107","Salernitana","76","71","71","73","Italy Serie A ","1"
"19","112","Empoli","73","74","72","73","Italy Serie A ","1"
"19","133","Lecce","74","68","72","72","Italy Serie A ","1"
"19","142","Cagliari","72","72","71","72","Italy Serie A ","1"
"19","216","Frosinone","70","70","67","70","Italy Serie A ","1"
"20","154","Cremonese","73","71","69","71","Italy Serie B ","2"
"20","159","Palermo","72","69","70","71","Italy Serie B ","2"
"20","215","Como","70","70","68","70","Italy Serie B ","2"
"20","219","La Spezia","69","72","70","70","Italy Serie B ","2"
"20","226","Sampdoria","69","71","68","70","Italy Serie B ","2"
"20","240","Parma","68","69","65","70","Italy Serie B ","2"
"20","243","Pisa","66","70","67","70","Italy Serie B ","2"
"20","271","Venezia","70","68","69","69","Italy Serie B ","2"
"20","308","Bari","63","69","68","69","Italy Serie B ","2"
"20","361","Brescia","67","67","68","68","Italy Serie B ","2"
"20","362","Ascoli","67","67","68","68","Italy Serie B ","2"
"20","378","Ternana","70","65","68","67","Italy Serie B ","2"
"20","385","Cosenza","69","67","67","67","Italy Serie B ","2"
"20","401","Modena","67","67","68","67","Italy Serie B ","2"
"20","416","Reggiana","66","67","64","67","Italy Serie B ","2"
"20","423","FeralpiSal筌?","64","66","67","67","Italy Serie B ","2"
"20","434","Catanzaro","68","66","66","66","Italy Serie B ","2"
"20","437","S筌ｍ걬tirol","68","65","64","66","Italy Serie B ","2"
"20","498","Lecco","65","66","65","65","Italy Serie B ","2"
"20","516","Cittadella","64","65","64","65","Italy Serie B ","2"
"21","186","Ulsan Hyundai","73","69","68","70","Korea K League 1 ","1"
"21","232","Jeonbuk Hyundai Motors","69","69","70","70","Korea K League 1 ","1"
"21","373","Pohang Steelers","71","66","68","67","Korea K League 1 ","1"
"21","379","FC Seoul","69","69","67","67","Korea K League 1 ","1"
"21","383","Incheon United","69","68","66","67","Korea K League 1 ","1"
"21","430","Daegu FC","69","67","65","66","Korea K League 1 ","1"
"21","432","Suwon FC","68","68","66","66","Korea K League 1 ","1"
"21","436","Daejeon Hana Citizen","68","66","65","66","Korea K League 1 ","1"
"21","438","Jeju United","68","63","66","66","Korea K League 1 ","1"
"21","449","Gangwon FC","66","68","62","66","Korea K League 1 ","1"
"21","509","Suwon Bluewings","64","69","64","65","Korea K League 1 ","1"
"21","511","Gwangju FC","64","66","64","65","Korea K League 1 ","1"
"22","221","FK Bod嶺?Glimt","69","71","71","70","Norway Eliteserien ","1"
"22","333","Molde FK","69","68","67","68","Norway Eliteserien ","1"
"22","388","Viking FK","69","65","66","67","Norway Eliteserien ","1"
"22","417","Rosenborg BK","66","66","67","67","Norway Eliteserien ","1"
"22","459","V筌?엷erenga Fotball","65","67","66","66","Norway Eliteserien ","1"
"22","503","SK Brann","65","65","65","65","Norway Eliteserien ","1"
"22","522","Lillestr癲ル슪?? SK","63","66","65","65","Norway Eliteserien ","1"
"22","531","Sarpsborg 08","60","66","63","65","Norway Eliteserien ","1"
"22","558","Stab癲???Fotball","64","64","63","64","Norway Eliteserien ","1"
"22","572","HamKam Fotball","63","63","64","64","Norway Eliteserien ","1"
"22","575","Str癲ル슪??sgodset IF","62","64","65","64","Norway Eliteserien ","1"
"22","592","FK Haugesund","63","64","62","63","Norway Eliteserien ","1"
"22","606","Aalesunds FK","62","62","63","63","Norway Eliteserien ","1"
"22","611","Troms癲?IL","61","64","62","63","Norway Eliteserien ","1"
"22","635","Odds Ballklubb","60","62","63","62","Norway Eliteserien ","1"
"22","645","Sandefjord Fotball","63","60","62","61","Norway Eliteserien ","1"
"23","250","Lech Pozna??","69","68","69","73","Poland Ekstraklasa ","1"
"23","286","Rak筌ｌ겤 Cz??쾢ochowa","69","69","67","69","Poland Ekstraklasa ","1"
"23","340","Legia Warszawa","68","69","67","68","Poland Ekstraklasa ","1"
"23","347","Pogo??Szczecin","68","67","67","68","Poland Ekstraklasa ","1"
"23","445","Piast Gliwice","67","65","65","66","Poland Ekstraklasa ","1"
"23","451","Zag???쬫ie Lubin","66","67","65","66","Poland Ekstraklasa ","1"
"23","452","Radomiak Radom","66","66","66","66","Poland Ekstraklasa ","1"
"23","483","Jagiellonia","70","64","65","65","Poland Ekstraklasa ","1"
"23","489","??????Wroc?繞벿쇳뀰","67","64","65","65","Poland Ekstraklasa ","1"
"23","495","Warta Pozna??Poland Ekstraklasa ","66","64","65","65","Poland Ekstraklasa ","1"
"23","497","Cracovia","65","66","65","65","Poland Ekstraklasa ","1"
"23","521","G癲ル슪?ｅ칰?뾦k Zabrze","63","66","65","65","Poland Ekstraklasa ","1"
"23","537","Stal Mielec","66","65","63","64","Poland Ekstraklasa ","1"
"23","542","Widzew ????껊굇d?? ","65","65","63","64","Poland Ekstraklasa ","1"
"23","556","Korona Kielce","64","64","63","64","Poland Ekstraklasa ","1"
"23","565","????????껊굇d??","63","64","64","64","Poland Ekstraklasa ","1"
"23","619","Ruch Chorz癲ル슪?ｅ칰?","63","62","62","62","Poland Ekstraklasa ","1"
"23","649","Puszcza","61","62","61","61","Poland Ekstraklasa ","1"
"24","24","Benfica","80","80","79","79","Portugal Primeira Liga ","1"
"24","31","FC Porto","78","78","77","78","Portugal Primeira Liga ","1"
"24","37","Sporting CP","78","77","78","77","Portugal Primeira Liga ","1"
"24","53","Braga","77","77","75","76","Portugal Primeira Liga ","1"
"24","171","Vit泥쁱ia de Guimar李푘s","73","69","71","70","Portugal Primeira Liga ","1"
"24","199","FC Famalic李푥","69","69","70","71","Portugal Primeira Liga ","1"
"24","233","Rio Ave","69","69","70","70","Portugal Primeira Liga ","1"
"24","264","Arouca","70","69","69","69","Portugal Primeira Liga ","1"
"24","275","Estoril","70","67","69","69","Portugal Primeira Liga ","1"
"24","287","Portimonense","69","69","67","69","Portugal Primeira Liga ","1"
"24","288","Casa Pia","69","66","70","69","Portugal Primeira Liga ","1"
"24","291","Chaves","68","69","69","69","Portugal Primeira Liga ","1"
"24","294","Farense","68","69","68","69","Portugal Primeira Liga ","1"
"24","296","Boavista","68","68","70","69","Portugal Primeira Liga ","1"
"24","344","Moreirense","68","68","68","68","Portugal Primeira Liga ","1"
"24","346","Estrela Amadora","68","67","68","68","Portugal Primeira Liga ","1"
"24","352","Vizela","67","69","69","68","Portugal Primeira Liga ","1"
"24","365","Gil Vicente FC","66","69","65","68","Portugal Primeira Liga ","1"
"25","585","Shamrock Rovers","66","61","62","63","Rep. Ireland Premier Division ","1"
"25","624","Derry City","62","63","60","62","Rep. Ireland Premier Division ","1"
"25","641","Dundalk","65","60","60","61","Rep. Ireland Premier Division ","1"
"25","652","St Patrick's Athletic","60","61","60","61","Rep. Ireland Premier Division ","1"
"25","659","Bohemians","61","60","60","60","Rep. Ireland Premier Division ","1"
"25","663","Sligo Rovers","61","58","60","59","Rep. Ireland Premier Division ","1"
"25","665","Shelbourne","60","57","59","59","Rep. Ireland Premier Division ","1"
"25","669","Cork City","58","58","56","57","Rep. Ireland Premier Division ","1"
"25","671","Drogheda United","56","58","57","57","Rep. Ireland Premier Division ","1"
"25","673","UCD","54","55","55","55","Rep. Ireland Premier Division ","1"
"26","74","AEK","76","75","74","75","Rest of World","0"
"26","87","Panathinaikos","74","75","72","74","Rest of World","0"
"26","113","Sparta Praha","73","73","74","73","Rest of World","0"
"26","119","Viktoria Plzen","72","73","72","73","Rest of World","0"
"26","122","Slavia Praha","71","74","74","73","Rest of World","0"
"26","139","PAOK","72","73","70","72","Rest of World","0"
"26","149","Hajduk Split","77","70","70","71","Rest of World","0"
"26","151","Shakhtar Donetsk","74","71","70","71","Rest of World","0"
"26","168","Ferencv李펢osi TC","71","71","70","71","Rest of World","0"
"26","172","Dinamo Zagreb","70","72","71","71","Rest of World","0"
"26","180","Dynamo Kyiv","69","71","70","71","Rest of World","0"
"26","245","Al Ain FC (UAE)","78","70","68","69","Rest of World","0"
"26","268","APOEL Nicosia FC","70","69","66","69","Rest of World","0"
"26","526","HJK Helsinki","63","65","65","65","Rest of World","0"
"26","674","OL Reign","72","72","70","71","Rest of World","0"
"26","675","Unión","72","72","70","71","Rest of World","0"
"27","266","FCSB","70","69","68","69","Romania Liga I ","1"
"27","391","Universitatea Craiova","68","68","65","67","Romania Liga I ","1"
"27","397","CFR Cluj","67","68","66","67","Romania Liga I ","1"
"27","419","Farul Constan?a","65","69","65","67","Romania Liga I ","1"
"27","444","FC Rapid 1923","67","65","66","66","Romania Liga I ","1"
"27","465","FC U Craiova 1948","65","66","65","66","Romania Liga I ","1"
"27","466","Sepsi OSK","65","66","65","66","Romania Liga I ","1"
"27","491","Universitatea Cluj","66","65","65","65","Romania Liga I ","1"
"27","520","FC Voluntari","64","64","65","65","Romania Liga I ","1"
"27","527","FC Hermannstadt","63","65","64","65","Romania Liga I ","1"
"27","540","Dinamo Bucure?ti","65","65","63","64","Romania Liga I ","1"
"27","546","FC Petrolul","64","65","65","64","Romania Liga I ","1"
"27","552","UTA Arad","64","64","64","64","Romania Liga I ","1"
"27","579","FC Boto?ani","61","64","64","64","Romania Liga I ","1"
"27","580","Politehnica Ia?i","61","63","63","64","Romania Liga I ","1"
"27","632","ASC O?elul Gala?i","61","63","60","62","Romania Liga I ","1"
"28","35","Al Hilal","79","79","74","77","Saudi Pro League ","1"
"28","46","Al Nassr","86","77","74","76","Saudi Pro League ","1"
"28","47","Al Ittihad","83","79","70","76","Saudi Pro League ","1"
"28","104","Al Ahli","76","73","70","73","Saudi Pro League ","1"
"28","150","Al Shabab","74","73","69","71","Saudi Pro League ","1"
"28","184","Al Ettifaq","73","73","64","70","Saudi Pro League ","1"
"28","311","Al Wehda","74","67","68","68","Saudi Pro League ","1"
"28","317","Al Fateh","73","65","66","68","Saudi Pro League ","1"
"28","318","Al Fayha","72","69","65","68","Saudi Pro League ","1"
"28","350","Damac FC","67","71","65","68","Saudi Pro League ","1"
"28","424","Abha Club","62","70","64","67","Saudi Pro League ","1"
"28","425","Al Okhdood","72","66","65","66","Saudi Pro League ","1"
"28","426","Al Taawoun","71","69","61","66","Saudi Pro League ","1"
"28","429","Al Raed","70","65","60","66","Saudi Pro League ","1"
"28","460","Al Tai","65","67","64","66","Saudi Pro League ","1"
"28","462","Al Khaleej","65","66","66","66","Saudi Pro League ","1"
"28","479","Al Hazem","71","64","64","65","Saudi Pro League ","1"
"28","480","Al Riyadh","70","69","62","65","Saudi Pro League ","1"
"29","89","Celtic","74","75","71","74","Scotland Premiership ","1"
"29","116","Rangers","72","74","74","73","Scotland Premiership ","1"
"29","203","Heart of Midlothian","71","67","69","70","Scotland Premiership ","1"
"29","377","Aberdeen","70","66","66","67","Scotland Premiership ","1"
"29","414","Hibernian","66","68","65","67","Scotland Premiership ","1"
"29","559","Livingston","64","64","63","64","Scotland Premiership ","1"
"29","573","St. Johnstone","63","62","63","64","Scotland Premiership ","1"
"29","574","St. Mirren","62","68","64","64","Scotland Premiership ","1"
"29","589","Kilmarnock","64","63","64","63","Scotland Premiership ","1"
"29","593","Ross County","63","64","62","63","Scotland Premiership ","1"
"29","631","Motherwell","61","63","62","62","Scotland Premiership ","1"
"29","636","Dundee FC","60","62","62","62","Scotland Premiership ","1"
"30","1","Real Madrid","85","85","83","85","Spain Primera Division ","1"
"30","3","FC Barcelona","84","84","83","84","Spain Primera Division ","1"
"30","5","Atletico de Madrid","85","82","81","83","Spain Primera Division ","1"
"30","21","Sevilla FC","80","79","82","80","Spain Primera Division ","1"
"30","23","Real Betis","79","77","79","83","Spain Primera Division ","1"
"30","25","Real Sociedad","79","81","79","79","Spain Primera Division ","1"
"30","26","Villarreal CF","79","80","77","79","Spain Primera Division ","1"
"30","27","Athletic Club de Bilbao","77","79","77","79","Spain Primera Division ","1"
"30","40","CA Osasuna","77","77","77","77","Spain Primera Division ","1"
"30","48","Getafe CF","82","76","75","76","Spain Primera Division ","1"
"30","49","RC Celta de Vigo","79","76","75","76","Spain Primera Division ","1"
"30","54","RCD Mallorca","77","77","74","76","Spain Primera Division ","1"
"30","55","Girona FC","77","76","76","76","Spain Primera Division ","1"
"30","61","Rayo Vallecano","76","77","77","76","Spain Primera Division ","1"
"30","80","UD Almeria","74","74","75","75","Spain Primera Division ","1"
"30","81","Cadiz CF","74","75","73","75","Spain Primera Division ","1"
"30","82","Valencia CF","74","74","76","75","Spain Primera Division ","1"
"30","85","UD Las Palmas","75","75","72","74","Spain Primera Division ","1"
"30","106","Granada CF","76","72","72","73","Spain Primera Division ","1"
"30","134","Alav梨븉","73","73","72","73","Spain Primera Division ","1"
"31","84","RCD Espanyol","76","74","73","74","Spain Segunda Division ","2"
"31","137","Elche CF","73","71","71","72","Spain Segunda Division ","2"
"31","144","Real Valladolid","71","72","72","72","Spain Segunda Division ","2"
"31","162","SD Eibar","71","72","71","71","Spain Segunda Division ","2"
"31","178","Levante UD","70","69","71","71","Spain Segunda Division ","2"
"31","190","CD Tenerife","72","70","70","70","Spain Segunda Division ","2"
"31","210","Real Zaragoza","70","70","70","70","Spain Segunda Division ","2"
"31","220","Real Oviedo","69","71","71","70","Spain Segunda Division ","2"
"31","231","R. Sporting","69","72","70","69","Spain Segunda Division ","2"
"31","265","Albacete Balompie","70","69","69","69","Spain Segunda Division ","2"
"31","281","Burgos CF","69","70","69","69","Spain Segunda Division ","2"
"31","289","FC Cartagena","68","69","70","69","Spain Segunda Division ","2"
"31","297","SD Huesca","68","68","69","69","Spain Segunda Division ","2"
"31","302","Racing de Santander","67","69","68","69","Spain Segunda Division ","2"
"31","348","CD Eldense","68","66","68","68","Spain Segunda Division ","2"
"31","356","CD Legan筌?툒","67","68","69","68","Spain Segunda Division ","2"
"31","366","FC Andorra","65","67","67","68","Spain Segunda Division ","2"
"31","384","AD Alcorc筌ｌ겖","69","68","66","67","Spain Segunda Division ","2"
"31","390","Racing de Ferrol","68","68","65","67","Spain Segunda Division ","2"
"31","461","SD Amorebieta","65","66","67","66","Spain Segunda Division ","2"
"31","472","CD Mirand筌?툒","64","66","66","66","Spain Segunda Division ","2"
"31","530","Villarreal B","61","67","65","65","Spain Segunda Division ","2"
"32","196","Malm泥?FF","71","70","70","70","Sweden Allsvenskan ","1"
"32","305","BK H筌?펺ken","66","70","68","69","Sweden Allsvenskan ","1"
"32","421","AIK","65","65","67","67","Sweden Allsvenskan ","1"
"32","447","IF Elfsborg","67","64","67","66","Sweden Allsvenskan ","1"
"32","448","Djurg筌?예dens IF","66","68","66","66","Sweden Allsvenskan ","1"
"32","456","IFK G筌ｌ윺eborg","66","63","66","66","Sweden Allsvenskan ","1"
"32","505","Hammarby IF","65","65","64","65","Sweden Allsvenskan ","1"
"32","518","IFK Norrk癲ル슪???썀g","64","65","63","65","Sweden Allsvenskan ","1"
"32","550","Kalmar FF","64","65","64","64","Sweden Allsvenskan ","1"
"32","587","IFK V癲??紐갵mo","65","64","62","63","Sweden Allsvenskan ","1"
"32","602","IF Brommapojkarna","62","63","64","63","Sweden Allsvenskan ","1"
"32","604","Degerfors IF","62","63","63","63","Sweden Allsvenskan ","1"
"32","609","IK Sirius","61","65","62","63","Sweden Allsvenskan ","1"
"32","612","Halmstads BK","61","62","64","63","Sweden Allsvenskan ","1"
"32","630","Mj癲???쿫y AIF","62","60","63","62","Sweden Allsvenskan ","1"
"32","655","Varbergs BoIS","57","60","61","61","Sweden Allsvenskan ","1"
"33","152","BSC Young Boys","74","69","69","71","Switzerland Super League ","1"
"33","295","FC Basel","68","69","67","69","Switzerland Super League ","1"
"33","325","Servette FC","69","70","67","68","Switzerland Super League ","1"
"33","364","FC St. Gallen","66","69","67","68","Switzerland Super League ","1"
"33","380","FC Lugano","69","69","64","67","Switzerland Super League ","1"
"33","399","FC Lausanne-Sport","67","68","65","67","Switzerland Super League ","1"
"33","412","FC Z筌ｍ겈ich","66","69","67","67","Switzerland Super League ","1"
"33","422","FC Luzern","64","69","66","67","Switzerland Super League ","1"
"33","508","FC Winterthur","65","64","63","65","Switzerland Super League ","1"
"33","515","Grasshopper Club","64","65","65","65","Switzerland Super League ","1"
"33","529","Yverdon-Sport","63","65","64","65","Switzerland Super League ","1"
"33","544","FC Stade-Lausanne Ouchy","65","64","63","64","Switzerland Super League ","1"
"34","28","Galatasaray","80","79","77","78","Turkey Super Lig","1"
"34","38","Fenerbahce","76","74","77","78","Turkey Super Lig","1"
"34","71","Be?둰kta??","77","76","75","75","Turkey Super Lig","1"
"34","88","Trabzonspor","74","75","71","74","Turkey Super Lig","1"
"34","123","Adana Demirspor","71","74","73","73","Turkey Super Lig","1"
"34","132","Ba?둧k?둫hir","74","71","72","72","Turkey Super Lig","1"
"34","192","Karag泥큟r泥큝 SK","72","69","69","70","Turkey Super Lig","1"
"34","200","Antalyaspor","71","69","69","70","Turkey Super Lig","1"
"34","208","Samsunspor","70","71","67","70","Turkey Super Lig","1"
"34","217","MKE Ankarag泥큓泥?","69","68","70","70","Turkey Super Lig","1"
"34","238","Konyaspor","68","70","70","70","Turkey Super Lig","1"
"34","259","Pendikspor","70","71","68","69","Turkey Super Lig","1"
"34","274","Sivasspor","70","68","66","69","Turkey Super Lig","1"
"34","277","Gaziantep FK","69","71","68","69","Turkey Super Lig","1"
"34","323","??럜kur Rizespor","70","67","65","68","Turkey Super Lig","1"
"34","328","Kayserispor","69","69","65","68","Turkey Super Lig","1"
"34","351","Alanyaspor","67","70","66","68","Turkey Super Lig","1"
"34","371","Kas筌?뇚pa??? ","71","67","68","67","Turkey Super Lig","1"
"34","386","Hatayspor","69","67","67","67","Turkey Super Lig","1"
"34","475","筌?옌tanbulspor","64","65","66","66","Turkey Super Lig","1"
"35","101","Inter Miami","77","71","72","73","USA Major League Soccer ","1"
"35","130","Los Angeles FC","75","70","72","72","USA Major League Soccer ","1"
"35","165","Philadelphia Union","71","71","71","71","USA Major League Soccer ","1"
"35","183","Minnesota United FC","75","70","67","70","USA Major League Soccer ","1"
"35","188","San Jose Earthquakes","72","71","68","70","USA Major League Soccer ","1"
"35","193","Seattle Sounders","71","73","69","70","USA Major League Soccer ","1"
"35","204","FC Cincinnati","70","72","67","70","USA Major League Soccer ","1"
"35","207","New England Revolution","70","71","68","70","USA Major League Soccer ","1"
"35","218","Los Angeles Galaxy","70","69","68","70","USA Major League Soccer ","1"
"35","228","Portland Timbers","69","71","67","70","USA Major League Soccer ","1"
"35","248","Atlanta United FC","74","69","68","69","USA Major League Soccer ","1"
"35","249","FC Dallas","73","71","65","69","USA Major League Soccer ","1"
"35","251","Sporting KC","72","70","66","69","USA Major League Soccer ","1"
"35","253","Real Salt Lake","72","69","66","69","USA Major League Soccer ","1"
"35","255","Nashville SC","71","70","69","69","USA Major League Soccer ","1"
"35","300","New York City FC","67","69","69","69","USA Major League Soccer ","1"
"35","306","Orlando City SC","65","71","64","69","USA Major League Soccer ","1"
"35","312","Charlotte FC","73","68","65","68","USA Major League Soccer ","1"
"35","314","Vancouver Whitecaps","73","67","68","68","USA Major League Soccer ","1"
"35","316","Toronto FC","73","67","65","68","USA Major League Soccer ","1"
"35","319","St. Louis City SC","71","69","67","68","USA Major League Soccer ","1"
"35","320","Columbus Crew","71","69","66","68","USA Major League Soccer ","1"
"35","324","D.C. United","69","70","67","68","USA Major League Soccer ","1"
"35","337","Austin FC","68","70","65","68","USA Major League Soccer ","1"
"35","339","Chicago Fire FC","68","69","68","68","USA Major League Soccer ","1"
"35","363","New York Red Bulls","67","67","68","68","USA Major League Soccer ","1"
"35","367","Houston Dynamo","64","68","66","68","USA Major League Soccer ","1"
"35","403","CF Montr筌?럴l","67","67","66","67","USA Major League Soccer ","1"
"35","410","Colorado Rapids","67","65","67","67","USA Major League Soccer ","1"
